{"cameraMode":{"drawMode":0,"name":"Shaded","section":"Shading Mode"},"sceneLighting":true,"audioPlay":false,"sceneViewState":{"showFog":true,"showMaterialUpdate":false,"showSkybox":true,"showFlares":true,"showImageEffects":true,"showParticleSystems":true},"in2DMode":false,"pivot":{"x":-25.581680297851564,"y":5.33983850479126,"z":18.666637420654298},"rotation":{"x":0.06294021010398865,"y":-0.5451574921607971,"z":0.04123043641448021,"w":0.8350213170051575},"size":22.242206573486329,"orthographic":false}