{"cameraMode":{"drawMode":0,"name":"Shaded","section":"Shading Mode"},"sceneLighting":true,"audioPlay":false,"sceneViewState":{"showFog":true,"showMaterialUpdate":false,"showSkybox":true,"showFlares":true,"showImageEffects":true,"showParticleSystems":true},"in2DMode":false,"pivot":{"x":-21.60854721069336,"y":6.836089134216309,"z":12.036738395690918},"rotation":{"x":-0.2650042474269867,"y":-0.005202441941946745,"z":-0.001428703311830759,"w":0.9643124938011169},"size":11.428853034973145,"orthographic":false}